"","score","gene_symbol","uniprot"
"1",0.252320002373901,"FOXH1","O75593"
"2",0.252320002373901,"MN1","Q10571"
"3",0.252320002373901,"DDX17","Q92841"
"4",0.248850776159432,"CCL22","O00626"
"5",0.248850776159432,"RNASE1","P07998"
"6",0.248850776159432,"CR2","P20023"
"7",0.248850776159432,"TEP1","Q99973"
"8",0.246721656395064,"TNFRSF10D","Q9UBN6"
"9",0.246721656395064,"PLK4","O00444"
"10",0.246721656395064,"S100A4","P26447"
"11",0.246721656395064,"EI24","O14681"
"12",0.246721656395064,"STEAP3","Q658P3"
"13",0.246721656395064,"SERPINB5","P36952"
"14",0.246721656395064,"PRDX3","P30048"
"15",0.246721656395064,"NFYB","P25208"
"16",0.246721656395064,"MLH1","P40692"
"17",0.246721656395064,"PMS2","P54278"
"18",0.246721656395064,"SIVA1","O15304"
"19",0.246721656395064,"VRK2","Q86Y07"
"20",0.246721656395064,"PLK2","Q9NYY3"
"21",0.246721656395064,"TNFRSF10C","O14798"
"22",0.242066842643726,"DLL3","Q9NYJ7"
"23",0.208978709529695,"PYCARD","Q9ULZ3"
"24",0.177145001627639,"CTBP2","P56545"
"25",0.170553690284093,"TDG","Q13569"
"26",0.169836658261406,"BIK","Q13323"
"27",0.169188796723927,"CTSD","P07339"
"28",0.168872716948579,"KLF4","O43474"
"29",0.168666327106957,"S100A6","P06703"
"30",0.166698764010582,"BNIP3L","O60238"
"31",0.166673284227556,"POLR2A","P24928"
"32",0.156942063503641,"MAML1","Q92585"
"33",0.15668758997201,"RECQL4","O94761"
"34",0.154420367617269,"COP1","Q8NHY2"
"35",0.154197831483747,"GADD45G","O95257"
"36",0.14238867540729,"ARHGAP24","Q8N264"
"37",0.137447924160079,"PPM1D","O15297"
"38",0.137036725007146,"HUWE1","Q7Z6Z7"
"39",0.135325410982227,"PIDD1","Q9HB75"
"40",0.134557454814796,"RUNX3","Q13761"
"41",0.134358923855555,"S100B","P04271"
"42",0.13349891337167,"DLAT","P10515"
"43",0.133154595651009,"NFYA","P23511"
"44",0.133047623341283,"CDX1","P47902"
"45",0.132255073766891,"KPNA2","P52292"
"46",0.130701843955876,"GADD45B","O75293"
"47",0.130543824493383,"MIR17HG","Q75NE6"
"48",0.128429545800247,"H2AFZ","P0C0S5"
"49",0.126917031796643,"TIMP3","P35625"
"50",0.126901036671347,"VCAN","P13611"
"51",0.126624340991567,"IL16","Q14005"
"52",0.12627834998565,"GTF2E1","P29083"
"53",0.12627834998565,"GTF3A","Q92664"
"54",0.126040523452612,"ARID3A","Q99856"
"55",0.12581471107912,"NKX2-5","P52952"
"56",0.125705737579254,"RGCC","Q9H4X1"
"57",0.12561024135854,"ULK2","Q8IYT8"
"58",0.119295322441152,"FEN1","P39748"
"59",0.118573298097955,"SHH","Q15465"
"60",0.111614690707756,"B2M","P61769"
"61",0.111081791221007,"BHLHE40","O14503"
"62",0.110453152908575,"KLF5","Q13887"
"63",0.10937717474645,"CASP1","P29466"
"64",0.109224740294167,"CD82","P27701"
"65",0.108507911406411,"CCNG1","P51959"
"66",0.108156266415734,"GDF15","Q99988"
"67",0.107039449057468,"RRM2","P31350"
"68",0.106637338425413,"DEK","P35659"
"69",0.105462346155065,"NRIP1","P48552"
"70",0.105038791180102,"DDB2","Q92466"
"71",0.10500374980649,"GTF2F1","P35269"
"72",0.10500374980649,"GTF2A1","P52655"
"73",0.10500374980649,"GTF2B","Q00403"
"74",0.10198568247795,"TAF1","P21675"
"75",0.0992368871943574,"RASSF5","Q8WWW0"
"76",0.0982334196299978,"TNFRSF10A","O00220"
"77",0.0970957290625255,"ERCC2","P18074"
"78",0.0967140938149342,"LBR","Q14739"
"79",0.0949135170488196,"NELFCD","Q8IXH7"
"80",0.0928391280233229,"ARNT","P27540"
"81",0.0921588386059508,"BBC3","Q96PG8"
"82",0.0900774293120797,"ODC1","P11926"
"83",0.0875138037025683,"IRF9","Q00978"
"84",0.0857860048866391,"TP63","Q9H3D4"
"85",0.0813022550554201,"BIRC3","Q13489"
"86",0.0809735928071738,"TCF7L1","Q9HCS4"
"87",0.0790529230682566,"RBPJL","Q9UBG7"
"88",0.0774454029435208,"APEX1","P27695"
"89",0.0758267727952859,"NFKB2","Q00653"
"90",0.072398307899284,"FANCC","Q00597"
"91",0.0701033801182721,"RALGDS","Q12967"
"92",0.0694212776233228,"CTCF","P49711"
"93",0.0682842172690336,"LGALS3","P17931"
"94",0.0668317276903149,"PLK3","Q9H4B4"
"95",0.0665192877633647,"PMAIP1","Q13794"
"96",0.066518049509606,"HSF1","Q00613"
"97",0.0664087696583241,"SNAI2","O43623"
"98",0.066191339050307,"JAG1","P78504"
"99",0.0661129221332382,"IFNAR1","P17181"
"100",0.0651320282133037,"TP73","O15350"
"101",0.0642122280610665,"GSTP1","P09211"
"102",0.0640518342660635,"AREG","P15514"
"103",0.0622541374685873,"XPC","Q01831"
"104",0.0619055866230754,"DLL1","O00548"
"105",0.0612854163545783,"E2F5","Q15329"
"106",0.0611043264599348,"MSX1","P28360"
"107",0.0611043264599348,"IFRD1","O00458"
"108",0.0607394096028011,"FLI1","Q01543"
"109",0.0600621019382331,"DDR1","Q08345"
"110",0.0594239549523548,"IFNAR2","P48551"
"111",0.0590095569329388,"SIAH1","Q8IUQ4"
"112",0.0589344489940157,"HLA-E","P13747"
"113",0.058583962557962,"CDC6","Q99741"
"114",0.058541001766049,"NR1H3","Q13133"
"115",0.0569993141067228,"BIRC5","O15392"
"116",0.055231380185697,"NFE2L2","Q16236"
"117",0.0551724474838137,"IFNB1","P01574"
"118",0.0550174365979374,"DAG1","Q14118"
"119",0.0548453796089449,"VRK1","Q99986"
"120",0.0545959515282911,"TNFRSF10B","O14763"
"121",0.0535180835963724,"DDX5","P17844"
"122",0.053289959796626,"PRDM1","O75626"
"123",0.0527254701177343,"RBPJ","Q06330"
"124",0.0525674938057574,"GATA4","P43694"
"125",0.0522206770580223,"PARP1","P09874"
"126",0.0519540603150718,"NOS3","P29474"
"127",0.0516299187923585,"BCL6","P41182"
"128",0.050461712683051,"HIF1A","Q16665"
"129",0.0488750970779516,"CASP10","Q92851"
"130",0.0487203442731063,"BID","P55957"
"131",0.0486001442162504,"BAK1","Q16611"
"132",0.0482371365720619,"NCOR2","Q9Y618"
"133",0.0474538902597834,"HES1","Q14469"
"134",0.0470378576331795,"HIC1","Q14526"
"135",0.0470158340855231,"AURKB","Q96GD4"
"136",0.046725802791416,"SPEN","Q96T58"
"137",0.0466552081654055,"FHL2","Q14192"
"138",0.0459235344902695,"CASP6","P55212"
"139",0.0453798936636266,"KAT2B","Q92831"
"140",0.045363418228684,"RCHY1","Q96PM5"
"141",0.0450222484337359,"HTT","P42858"
"142",0.0447182862206774,"CCND2","P30279"
"143",0.0442918270078525,"HIPK2","Q9H2X6"
"144",0.0440558655230024,"IGFBP3","P17936"
"145",0.0440507513796983,"PTTG1","O95997"
"146",0.0438228475230986,"TCF7","P36402"
"147",0.043692636099741,"ITGA1","P56199"
"148",0.0436836348751532,"THBS1","P07996"
"149",0.0434525606663914,"CCND3","P30281"
"150",0.0434034065448339,"PITX2","Q99697"
"151",0.0426848090003943,"ATF3","P18847"
"152",0.0425130987828294,"YY1","P25490"
"153",0.0421779376835709,"NCOA2","Q15596"
"154",0.0419604507168042,"MMP1","P03956"
"155",0.0418275878989148,"MYOD1","P15172"
"156",0.0417844351326661,"CFLAR","O15519"
"157",0.0416576229733117,"NR5A1","Q13285"
"158",0.0415743648294959,"CDK8","P49336"
"159",0.0414688687559116,"TCF7L2","Q9NQB0"
"160",0.0412604330755357,"FBXW7","Q969H0"
"161",0.041195723539808,"SOD2","P04179"
"162",0.0409198897394968,"NCOA3","Q9Y6Q9"
"163",0.0408154708008832,"KAT5","Q92993"
"164",0.0406462887640031,"PKM","P14618"
"165",0.0406262491634372,"GADD45A","P24522"
"166",0.0405126655811631,"EPO","P01588"
"167",0.0399486636687973,"GATA1","P15976"
"168",0.0398693214984419,"IL13","P35225"
"169",0.0398154910432489,"MYB","P10242"
"170",0.038834265229571,"ATM","Q13315"
"171",0.0384188246869067,"IL1A","P01583"
"172",0.0383222010001312,"RAD51","Q06609"
"173",0.0381784278219911,"WRN","Q14191"
"174",0.0381493547610072,"XIAP","P98170"
"175",0.0377965795503492,"PRKAB1","Q9Y478"
"176",0.0373586556240242,"SP1","P08047"
"177",0.0370962191568752,"CCNE2","O96020"
"178",0.0366188381395599,"IL10","P22301"
"179",0.0365089973191637,"DAPK1","P53355"
"180",0.0361980960636766,"ATF1","P18846"
"181",0.0361147879389634,"APC","P25054"
"182",0.0360949910914858,"CDC20","Q12834"
"183",0.0360609265309438,"PRL","P01236"
"184",0.0359528034038079,"MCL1","Q07820"
"185",0.0359002511068811,"TFDP1","Q14186"
"186",0.035628749216157,"IFNG","P01579"
"187",0.0352691044274014,"TERT","O14746"
"188",0.0351789130878323,"APAF1","O14727"
"189",0.0349580788022238,"RUNX1","Q01196"
"190",0.0348500757339748,"PCNA","P12004"
"191",0.0348261081495836,"LPL","P06858"
"192",0.0348085134130449,"BTG2","P78543"
"193",0.0346059044945162,"HSP90AB1","P08238"
"194",0.0343577721277527,"VDR","P11473"
"195",0.034236616323892,"CD40LG","P29965"
"196",0.0342247159214365,"TP53AIP1","Q9HCN2"
"197",0.0340443411422345,"BDKRB2","P30411"
"198",0.033988594620749,"PTGS2","P35354"
"199",0.0338567476466084,"IFNGR2","P38484"
"200",0.0337190287915928,"CDK6","Q00534"
"201",0.0334188148800113,"IRF1","P10914"
"202",0.0330617864978191,"RBL2","Q08999"
"203",0.033016385463453,"MX1","P20591"
"204",0.032943631977984,"RB1","P06400"
"205",0.0328414445494074,"IL6","P05231"
"206",0.0327111314165374,"E2F4","Q16254"
"207",0.0324853755316315,"EDN1","P05305"
"208",0.032410150145863,"BCL2L1","Q07817"
"209",0.0323172069422066,"MEF2A","Q02078"
"210",0.0322975644343404,"DUSP1","P28562"
"211",0.0322817123256636,"E2F1","Q01094"
"212",0.0321767990189137,"FADD","Q13158"
"213",0.0316037091613129,"DUSP5","Q16690"
"214",0.0315354684648412,"PML","P29590"
"215",0.031321041545623,"ZBTB16","Q05516"
"216",0.0312549322404646,"HMGB1","P09429"
"217",0.0307652057015599,"LATS2","Q9NRM7"
"218",0.0301919623047435,"ETV1","P50549"
"219",0.0300591972692496,"HIST2H3C","Q71DI3"
"220",0.0299590485566152,"ITGA5","P08648"
"221",0.0299442253216278,"STAT4","Q14765"
"222",0.0298969942212987,"EIF2S1","P05198"
"223",0.0297737283364411,"CIITA","P33076"
"224",0.0290316296645387,"STAT5A","P42229"
"225",0.0287501201757227,"ATR","Q13535"
"226",0.0285494125739613,"SERPINE1","P05121"
"227",0.0285085684807811,"RPA2","P15927"
"228",0.0284329735014417,"TP53INP1","Q96A56"
"229",0.0284206276917179,"CHEK2","O96017"
"230",0.0283139284912297,"LIF","P15018"
"231",0.0281751421529299,"MEF2D","Q14814"
"232",0.0281625962238493,"RELA","Q04206"
"233",0.0281399323365066,"SMAD2","Q15796"
"234",0.0281224174244786,"H3F3A","P84243"
"235",0.0281147917654854,"FASLG","P48023"
"236",0.0279165747137667,"TGFA","P01135"
"237",0.0278966088962072,"HDAC6","Q9UBN7"
"238",0.0278665917228406,"CASP8","Q14790"
"239",0.0277762231430082,"CCND1","P24385"
"240",0.0276056211231311,"FOXO3","O43524"
"241",0.0272296197054214,"NFKB1","P19838"
"242",0.0270118462033853,"BAX","Q07812"
"243",0.026785260718443,"CSNK2B","P67870"
"244",0.0265718822383446,"CSF2","P04141"
"245",0.0264880131778763,"NLK","Q9UBE8"
"246",0.0262505015986895,"ITGA6","P23229"
"247",0.0260553376729104,"MEF2C","Q06413"
"248",0.0259731775011837,"CDKN1A","P38936"
"249",0.025657593818056,"STK24","Q9Y6E0"
"250",0.0256213778554263,"TNF","P01375"
"251",0.0254774850806943,"ITGA8","P53708"
"252",0.0254774850806943,"ITGA10","O75578"
"253",0.0254774850806943,"ITGA11","Q9UKX5"
"254",0.0252301161739524,"IL1B","P01584"
"255",0.0249728153375663,"MDM2","Q00987"
"256",0.0249276651589717,"NLRC4","Q9NPP4"
"257",0.0248402886767135,"ITGA2","P17301"
"258",0.0248386346105462,"IL5","P05113"
"259",0.0245269200224513,"ESR1","P03372"
"260",0.0243451984827686,"LEF1","Q9UJU2"
"261",0.0243015319428311,"AR","P10275"
"262",0.0242658787708158,"EIF2AK2","P19525"
"263",0.0242517512936326,"JUN","P05412"
"264",0.0235955716450648,"NOS2","P35228"
"265",0.0234877302616031,"IL4","P05112"
"266",0.0232134761109074,"KAT8","Q9H7Z6"
"267",0.0232134761109074,"DYRK2","Q92630"
"268",0.0232134761109074,"ZNF420","Q8TAQ5"
"269",0.0232134761109073,"ING2","Q9H160"
"270",0.0232134761109073,"WRAP53","Q9BUR4"
"271",0.0232134761109073,"TIPARP","Q7Z3E1"
"272",0.0231903872043753,"MAP4K5","Q9Y4K4"
"273",0.0230510340088898,"FAS","P25445"
"274",0.0230406593489528,"CDK1","P06493"
"275",0.0229551610732984,"NR4A1","P22736"
"276",0.0228779902313349,"CDK9","P50750"
"277",0.0228626150539623,"E2F3","O00716"
"278",0.022842804372618,"CDK2","P24941"
"279",0.0228203440913338,"HDAC1","Q13547"
"280",0.0227531641903094,"CDS1","Q92903"
"281",0.0226086937147591,"VEGFA","P15692"
"282",0.0225471587949473,"E2F2","Q14209"
"283",0.0221944244992342,"IL1R1","P14778"
"284",0.0221215949832437,"MYC","P01106"
"285",0.0220592370580849,"SMAD1","Q15797"
"286",0.021561971227079,"CHEK1","O14757"
"287",0.0211744016764542,"AURKA","O14965"
"288",0.0209362949665507,"ATF2","P15336"
"289",0.0208775945423148,"IFNGR1","P15260"
"290",0.0208709425745746,"ITGAV","P06756"
"291",0.0208329081076679,"STAT2","P52630"
"292",0.0206471513475662,"RIPK1","Q13546"
"293",0.0206408593582379,"CCNB1","P14635"
"294",0.0205671725561751,"RBL1","P28749"
"295",0.02053606611588,"CX3CL1","P78423"
"296",0.0203124930879843,"TADA3","O75528"
"297",0.0203118136430178,"MMP2","P08253"
"298",0.0201960170646162,"PLK1","P53350"
"299",0.0201954272770074,"COL1A2","P08123"
"300",0.0201053682008595,"HGF","P14210"
"301",0.0200744662170711,"CXCL12","P48061"
"302",0.0200321966421652,"RUNX2","Q13950"
"303",0.0196593431762247,"MAP4K4","O95819"
"304",0.0196297186501052,"FOXO4","P98177"
"305",0.0195494340679403,"NCL","P19338"
"306",0.0195026250645691,"AFDN","P55196"
"307",0.0194683988255851,"SMAD7","O15105"
"308",0.0194234332935491,"AIFM1","O95831"
"309",0.0190912225366389,"CCNE1","P24864"
"310",0.0190532687161295,"MRE11","P49959"
"311",0.0189119919675932,"CDC25C","P30307"
"312",0.0188986015378624,"SFN","P31947"
"313",0.0188918339259079,"H2AFX","P16104"
"314",0.0187844736991401,"NOTCH1","P46531"
"315",0.0187517391202054,"FOXO1","Q12778"
"316",0.0186576410301221,"NR3C1","P04150"
"317",0.0186357691405476,"ARHGEF2","Q92974"
"318",0.018618619157571,"CDCA8","Q53HL2"
"319",0.0186135489873192,"ITGA4","P13612"
"320",0.0185734323693321,"RRM2B","Q7LG56"
"321",0.0184715522941313,"PTEN","P60484"
"322",0.0181365432550446,"KDM1A","O60341"
"323",0.0178496863303611,"DDB1","Q16531"
"324",0.0177772245306329,"CDK4","P11802"
"325",0.0177767739288302,"CDKN2C","P42773"
"326",0.0177690221811109,"CASP7","P55210"
"327",0.017736865816823,"APOA1","P02647"
"328",0.0173320626240677,"ITGA9","Q13797"
"329",0.0172791448816393,"BCL2","P10415"
"330",0.0171629890785984,"E4F1","Q66K89"
"331",0.0171386725224485,"RPS6KA3","P51812"
"332",0.0169161722437968,"SGK1","O00141"
"333",0.0166440845004659,"TOPBP1","Q92547"
"334",0.0165692644789594,"NPM1","P06748"
"335",0.0165527003506957,"SMARCA4","P51532"
"336",0.0164944793099659,"RPS6KA4","O75676"
"337",0.0164809893563974,"MTA1","Q13330"
"338",0.0163924631230713,"MITF","O75030"
"339",0.0162996256375391,"MDM4","O15151"
"340",0.0162543155679287,"TFF1","P04155"
"341",0.0160569353128331,"MSH2","P43246"
"342",0.0160515075511667,"ICAM1","P05362"
"343",0.0159941029961418,"RPS6KA2","Q15349"
"344",0.0159154790497694,"SUMO1","P63165"
"345",0.0158036258126292,"DDAH2","O95865"
"346",0.0157943278940259,"YWHAE","P62258"
"347",0.0155403645549306,"RASSF1","Q9NS23"
"348",0.0153586639584476,"RPS6KA5","O75582"
"349",0.0151510202367839,"HEY1","Q9Y5J3"
"350",0.0149792448637495,"KLK3","P07288"
"351",0.0148822066910967,"EZH2","Q15910"
"352",0.0148402490615827,"YWHAZ","P63104"
"353",0.0147974530442695,"RAC1","P63000"
"354",0.0147721124376934,"ABL1","P00519"
"355",0.0147460328954642,"BARD1","Q99728"
"356",0.0147303036269034,"PIM1","P11309"
"357",0.0146994399151942,"RPS6KA1","Q15418"
"358",0.0146778243694387,"CDKN2AIP","Q9NXV6"
"359",0.0146778243694387,"PLPPR4","Q7Z2D5"
"360",0.0146140092138739,"CCNA2","P20248"
"361",0.0146083706029061,"ETS1","P14921"
"362",0.0146048174716521,"ITGA7","Q13683"
"363",0.0145523694703808,"TREX1","Q9NSU2"
"364",0.0145480000337927,"YWHAG","P61981"
"365",0.0145319288300185,"TGFB1","P01137"
"366",0.0145063916165075,"ITGA3","P26006"
"367",0.0144963770146984,"XRCC1","P18887"
"368",0.0142845708130221,"CXCL8","P10145"
"369",0.0142826925361892,"ITGA2B","P08514"
"370",0.0142715577210168,"E2F6","O75461"
"371",0.0139965357635707,"STAT3","P40763"
"372",0.013991403268348,"FOS","P01100"
"373",0.013899524361317,"CDK3","Q00526"
"374",0.0138197221409801,"SMAD3","P84022"
"375",0.0137517605760624,"DUSP4","Q13115"
"376",0.0136397111119657,"POLR2C","P19387"
"377",0.0136397111119657,"POLR2B","P30876"
"378",0.0136397111119657,"POLR2J","P52435"
"379",0.0136185995967356,"CDK20","Q8IZL9"
"380",0.0136185995967356,"ING5","Q8WYH8"
"381",0.0136185995967356,"MTA2","O94776"
"382",0.0135405289064835,"TTC5","Q8N0Z6"
"383",0.0133943411946999,"SIAH2","O43255"
"384",0.0132389713691742,"GMPS","P49915"
"385",0.0132219063165228,"NUP50","Q9UKX7"
"386",0.0132219063165228,"NUP210","Q8TEM1"
"387",0.0132219063165228,"POM121","Q96HA1"
"388",0.0131767896490548,"CD40","P25942"
"389",0.0131484592080157,"BMP7","P18075"
"390",0.0129673659149929,"CDKN1B","P46527"
"391",0.0129561406514825,"BUB1","O43683"
"392",0.0129058673915363,"BMI1","P35226"
"393",0.0129058673915363,"ZBTB17","Q13105"
"394",0.0128665695184549,"RPA1","P27694"
"395",0.0128576873019346,"YWHAQ","P27348"
"396",0.0128409882603306,"IGF1R","P08069"
"397",0.0127930753403621,"FOSB","P53539"
"398",0.0127248171722265,"YWHAB","P31946"
"399",0.0127060257382024,"ING1","Q9UK53"
"400",0.0126729641854407,"EGFR","P00533"
"401",0.0126444616778626,"ECT2","Q9H8V3"
"402",0.0126444616778626,"CDC14A","Q9UNH5"
"403",0.0125570634598182,"TIAM1","Q13009"
"404",0.01255488653752,"CDC7","O00311"
"405",0.0125518084825675,"USP10","Q14694"
"406",0.0125051311063307,"TFDP2","Q14188"
"407",0.0124768521335213,"PRKACG","P22612"
"408",0.0124326932158712,"IL2","P60568"
"409",0.0124243822080624,"ARAF","P10398"
"410",0.0123306074017008,"BLM","P54132"
"411",0.012191550853385,"TP53BP1","Q12888"
"412",0.0121901451598819,"SSBP1","Q04837"
"413",0.0120797037908848,"NBN","O60934"
"414",0.012063283277714,"CREBBP","Q92793"
"415",0.0120465892664942,"CTNNB1","P35222"
"416",0.011898349282332,"CDC25A","P30304"
"417",0.0118730861949079,"CDK7","P50613"
"418",0.0118529747985919,"FOSL1","P15407"
"419",0.0117411176056202,"GH1","P01241"
"420",0.0117309715928962,"YWHAH","Q04917"
"421",0.011699620467122,"MAPK3","P27361"
"422",0.0116661897046622,"BRAF","P15056"
"423",0.0115771778845859,"ITGB1","P05556"
"424",0.0113918177280988,"UIMC1","Q96RL1"
"425",0.0113781130617899,"ITGB3","P05106"
"426",0.0111601538104996,"SOX4","Q06945"
"427",0.0111150843103094,"TTK","P33981"
"428",0.0110832663529482,"ETV4","P43268"
"429",0.0110705433227689,"CXCL1","P09341"
"430",0.0110174675468379,"EGR1","P18146"
"431",0.0110052051755011,"AFP","P02771"
"432",0.0108728054713515,"CASP3","P42574"
"433",0.0108652698995956,"CREB1","P16220"
"434",0.0107557768437106,"SPP1","P10451"
"435",0.0106982697993058,"EPHA2","P29317"
"436",0.0106802398275398,"CTBP1","Q13363"
"437",0.0106152519759773,"BRCA1","P38398"
"438",0.0105706797869351,"IER3","P46695"
"439",0.0105596920747935,"LAMC1","P11047"
"440",0.0105505754414385,"UBE2I","P63279"
"441",0.0105477802773673,"TCF3","P15923"
"442",0.0105277804216146,"PLA2G6","O60733"
"443",0.0104968224467881,"RASGRF1","Q13972"
"444",0.0104116486085024,"TLR9","Q9NR96"
"445",0.0104093244543448,"CD44","P16070"
"446",0.0103792956629809,"TRAF2","Q12933"
"447",0.0103493900281579,"EHMT2","Q96KQ7"
"448",0.0103326062545706,"CDKN3","Q16667"
"449",0.010157106990889,"FOSL2","P15408"
"450",0.0101538843783104,"PIK3CA","P42336"
"451",0.0101380847611243,"SERTAD1","Q9UHV2"
"452",0.0101380847611243,"VTA1","Q9NP79"
"453",0.0101380847611243,"PSMD10","O75832"
"454",0.0100847149913372,"RIPK2","O43353"
"455",0.00999550464951812,"PPP1CB","P62140"
"456",0.00996719798364714,"TGFB2","P61812"
"457",0.00983043825635141,"IRF7","Q92985"
"458",0.00978157184694853,"KRT1","P04264"
"459",0.00977439826871724,"PIAS3","Q9Y6X2"
"460",0.00967654777050397,"PRKDC","P78527"
"461",0.00958482245541388,"MST1R","Q04912"
"462",0.00956824395296465,"PRNP","P04156"
"463",0.00952964486243177,"CITED1","Q99966"
"464",0.00952831396123095,"DAXX","Q9UER7"
"465",0.00949882080351201,"HDAC9","Q9UKV0"
"466",0.00940546169852522,"SDC2","P34741"
"467",0.00937940486350297,"ERCC6","Q03468"
"468",0.00935631775293035,"RHOA","P61586"
"469",0.00935365326323644,"DMAP1","Q9NPF5"
"470",0.00931684281039769,"MET","P08581"
"471",0.00930753296148735,"AGER","Q15109"
"472",0.00928724644443285,"ARHGEF6","Q15052"
"473",0.00927599790752005,"CAV1","Q03135"
"474",0.009273857630211,"MED1","Q15648"
"475",0.0092620742540113,"ABCB1","P08183"
"476",0.00925353964628971,"NUMB","P49757"
"477",0.00922184845540294,"ORC1","Q13415"
"478",0.00917482941340032,"RAF1","P04049"
"479",0.00911803142802008,"SKP2","Q13309"
"480",0.00911177289367391,"SAP30","O75446"
"481",0.00908145978598813,"TPR","P12270"
"482",0.00902998652319173,"ASPH","Q12797"
"483",0.00894247531010964,"MAP3K1","Q13233"
"484",0.00892835669382602,"TGFB3","P10600"
"485",0.00892763932719341,"SMURF2","Q9HAU4"
"486",0.00863207427117582,"IHH","Q14623"
"487",0.00863207427117582,"IGFBP2","P18065"
"488",0.00862019059236929,"STAT1","P42224"
"489",0.00859442543957785,"CDC42","P60953"
"490",0.00857463131434974,"PIK3R1","P27986"
"491",0.00853884173991198,"BTRC","Q9Y297"
"492",0.00851872804659635,"NUP153","P49790"
"493",0.00851416261480397,"LASP1","Q14847"
"494",0.00843487905270132,"GATA3","P23771"
"495",0.00836038453293899,"ALK","Q9UM73"
"496",0.00823422321481467,"PIK3CB","P42338"
"497",0.00822565606600573,"ITGB4","P16144"
"498",0.00822524951779908,"SIRT1","Q96EB6"
"499",0.00822221380347623,"AKAP1","Q92667"
"500",0.00820514875082484,"SPAG5","Q96R06"
"501",0.00819330586097013,"TRAF6","Q9Y4K3"
"502",0.008183423379096,"DAPK3","O43293"
"503",0.00816190681040239,"PPP3CA","Q08209"
"504",0.00811294013803916,"CDK13","Q14004"
"505",0.0080895971479216,"HNRNPUL1","Q9BUJ2"
"506",0.0080640017723453,"SNAI1","O95863"
"507",0.00806088798629619,"HNF1A","P20823"
"508",0.00802429114173978,"ID3","Q02535"
"509",0.00801593281212469,"PPP1R12A","O14974"
"510",0.0080141863708216,"SKIL","P12757"
"511",0.00801021713121962,"PIAS4","Q8N2W9"
"512",0.0080048428671253,"CHUK","O15111"
"513",0.00800085810378338,"HSPA1A","P0DMV8"
"514",0.00798446243603686,"CDK16","Q00536"
"515",0.00796035945045816,"CSNK1E","P49674"
"516",0.00780174854992757,"BMP4","P12644"
"517",0.00778661321625509,"TOPORS","Q9NS56"
"518",0.00768135853893114,"PIK3R5","Q8WYR1"
"519",0.00767635975978527,"GNAI3","P08754"
"520",0.00766142552409417,"HDAC7","Q8WUI4"
"521",0.00763811044429464,"ELAVL1","Q15717"
"522",0.00762075776353625,"MYCN","P04198"
"523",0.007619978647039,"TP53BP2","Q13625"
"524",0.00749892501879916,"RBBP4","Q09028"
"525",0.00746039425058448,"SKI","P12755"
"526",0.00745883604556884,"USP9X","Q93008"
"527",0.00745446462468122,"HDAC2","Q92769"
"528",0.0074150450822028,"RPS6KB1","P23443"
"529",0.00736204561236685,"TRIM28","Q13263"
"530",0.00735047893539657,"BAD","Q92934"
"531",0.00730452525436315,"BDNF","P23560"
"532",0.00729451866743625,"CEBPB","P17676"
"533",0.00728676284968707,"PTCH1","Q13635"
"534",0.00713013754383889,"HRAS","P01112"
"535",0.00712845984290158,"MUC1","P15941"
"536",0.00710485007709531,"YAP1","P46937"
"537",0.0070924103071714,"RANBP2","P49792"
"538",0.00707758064071786,"GNAI2","P04899"
"539",0.00706935738360333,"IKBKB","O14920"
"540",0.00704763181237412,"GNAI1","P63096"
"541",0.0070218693946057,"PTK2","Q05397"
"542",0.00702011638041029,"SNCA","P37840"
"543",0.00701138856284183,"HDAC4","P56524"
"544",0.00698463916654048,"FGF2","P09038"
"545",0.00696992816479679,"PRKACB","P22694"
"546",0.00692689027227323,"PIK3CD","O00329"
"547",0.00689209700839114,"PIK3CG","P48736"
"548",0.00688830049043799,"ERBB2","P04626"
"549",0.00688764834104514,"SMC3","Q9UQE7"
"550",0.00686588528437003,"IFI16","Q16666"
"551",0.00685071381028549,"KAT6A","Q92794"
"552",0.0068507011916651,"UBE2A","P49459"
"553",0.00680745691067975,"AKT1","P31749"
"554",0.00679344177076345,"APP","P05067"
"555",0.00675822446227239,"ENG","P17813"
"556",0.00673385568484629,"PBK","Q96KB5"
"557",0.00673008104728968,"USP7","Q93009"
"558",0.00669221393188063,"PIN1","Q13526"
"559",0.00667405002269742,"CSNK2A1","P68400"
"560",0.00664136339417729,"ROCK1","Q13464"
"561",0.00663041481358233,"CABLES2","Q9BTV7"
"562",0.00655570402271945,"ROS1","P08922"
"563",0.00655089090335129,"PSEN1","P49768"
"564",0.00653798732707813,"KDR","P35968"
"565",0.00653690650765868,"FLII","Q13045"
"566",0.00648585585817007,"MAP2K3","P46734"
"567",0.00646890375720565,"WT1","P19544"
"568",0.00643858524780353,"SIN3A","Q96ST3"
"569",0.00643752836552971,"CDK5","Q00535"
"570",0.00642437891985352,"STK11","Q15831"
"571",0.00641232448953547,"ZNF217","O75362"
"572",0.0064121810338142,"NF1","P21359"
"573",0.0064102001785563,"MAP3K11","Q16584"
"574",0.00639775419101328,"RAP2A","P10114"
"575",0.00636768969536219,"PDGFRB","P09619"
"576",0.006337407992166,"NDRG1","Q92597"
"577",0.00632756147773385,"SOCS1","O15524"
"578",0.00632206948917571,"FGFR1OP","O95684"
"579",0.00630936820417296,"NEK6","Q9HC98"
"580",0.00627785915291523,"MTOR","P42345"
"581",0.00627400845382384,"PPARD","Q03181"
"582",0.00625649879275054,"NCOR1","O75376"
"583",0.00624326223802781,"TFAP2B","Q92481"
"584",0.00624077058960392,"HDAC3","O15379"
"585",0.00623729936668195,"TLR7","Q9NYK1"
"586",0.00622953834302062,"JAK2","O60674"
"587",0.0062106898409145,"EGF","P01133"
"588",0.00620929392540841,"PPP1CA","P62136"
"589",0.00617485993608584,"TGFBR1","P36897"
"590",0.00617204631931882,"MAPK7","Q13164"
"591",0.00616971410815868,"PPP1R13L","Q8WUF5"
"592",0.00614741502436178,"PSMC3","P17980"
"593",0.00614583311783363,"NEK2","P51955"
"594",0.00613206207682602,"MAP2K4","P45985"
"595",0.00611476309190627,"CDK12","Q9NYV4"
"596",0.00610246370242537,"NUP35","Q8NFH5"
"597",0.00610246370242537,"RPA4","Q13156"
"598",0.00609429932181124,"KMT5A","Q9NQR1"
"599",0.00608884855190877,"ZBTB7A","O95365"
"600",0.00606063588389149,"HSP90AA1","P07900"
"601",0.00602790153214827,"UBE2D1","P51668"
"602",0.00599965025604444,"INSR","P06213"
"603",0.0059873814520969,"SORT1","Q99523"
"604",0.00596606842947522,"JUNB","P17275"
"605",0.00596434050768877,"NOC2L","Q9Y3T9"
"606",0.00594826359933856,"MAPK10","P53779"
"607",0.00593777392953273,"MAPK14","Q16539"
"608",0.00593677996843753,"WEE1","P30291"
"609",0.00591894072717718,"GRK5","P34947"
"610",0.00591877774935615,"MAPK1","P28482"
"611",0.00588954559223619,"MXD1","Q05195"
"612",0.00588350571417993,"NUAK1","O60285"
"613",0.00587918304860024,"SOCS3","O14543"
"614",0.00586561747317561,"TGFBR2","P37173"
"615",0.0058615243760886,"MAP2K1","Q02750"
"616",0.00584851258313109,"TICAM1","Q8IUC6"
"617",0.00583579279975365,"NCOA1","Q15788"
"618",0.00583112577373834,"TRRAP","Q9Y4A5"
"619",0.0058242102230816,"UBE2L3","P68036"
"620",0.00580297047364544,"IL2RA","P01589"
"621",0.00578648219764315,"GTSE1","Q9NYZ3"
"622",0.00575880165083852,"STK3","Q13188"
"623",0.00574456559770364,"BCR","P11274"
"624",0.00573694046152504,"MAPK4","P31152"
"625",0.00570603592092818,"PIAS2","O75928"
"626",0.00569018353220074,"PRKCD","Q05655"
"627",0.00568615448540992,"FGR","P09769"
"628",0.00567533494224576,"XPO1","O14980"
"629",0.00567144781675843,"PAK1","Q13153"
"630",0.00566638461037593,"TBK1","Q9UHD2"
"631",0.0056358610039219,"PPP1R3A","Q16821"
"632",0.00558953077209099,"JAK3","P52333"
"633",0.00556294821362168,"PDGFRA","P16234"
"634",0.00556129423915477,"ITGB8","P26012"
"635",0.00555439839205676,"SRC","P12931"
"636",0.00554819066802251,"FGFR1","P11362"
"637",0.00553665184188144,"BAG1","Q99933"
"638",0.00553217640839294,"IRF3","Q14653"
"639",0.00553185932260366,"ITGB6","P18564"
"640",0.00550607185629326,"HNRNPK","P61978"
"641",0.00549362345886007,"MAPK11","Q15759"
"642",0.00548725863096558,"CAMK1D","Q8IU85"
"643",0.00547024658532004,"PIAS1","O75925"
"644",0.00546978256834538,"JAK1","P23458"
"645",0.00546020198031894,"FGFR2","P21802"
"646",0.00545171940695251,"MAPK8","P45983"
"647",0.0054338603511227,"MAPKAPK2","P49137"
"648",0.00542561653716353,"MAPK6","Q16659"
"649",0.00538176917781917,"PPP1CC","P36873"
"650",0.00538159804997105,"SRSF2","Q01130"
"651",0.00536221286805611,"MAP2K2","P36507"
"652",0.00535632169960861,"SMAD9","O15198"
"653",0.00534979069464252,"STK4","Q13043"
"654",0.00534934836099432,"MAP3K10","Q02779"
"655",0.00534693757457969,"CAMKK1","Q8N5S9"
"656",0.0053317681816235,"PRKN","O60260"
"657",0.00529371373455584,"IL2RG","P31785"
"658",0.00528674122304106,"PDCD5","O14737"
"659",0.00527172371670006,"ADRB2","P07550"
"660",0.00526058135137105,"GSK3B","P49841"
"661",0.00523454695024753,"VHL","P40337"
"662",0.0052334526992234,"NUP98","P52948"
"663",0.00522723272517556,"CTTN","Q14247"
"664",0.00521767351677413,"CSNK1D","P48730"
"665",0.00521356751596777,"NTRK3","Q16288"
"666",0.0051890402562744,"PRKACA","P17612"
"667",0.00518315556683077,"PDPK1","O15530"
"668",0.00517371423827975,"MAPK12","P53778"
"669",0.00516135203734966,"PDGFB","P01127"
"670",0.00514556725342385,"CAMK2D","Q13557"
"671",0.00512919243643779,"ERBB3","P21860"
"672",0.00512436281908906,"NTF3","P20783"
"673",0.00512122381108259,"UBE2E1","P51965"
"674",0.00510219877092483,"SOS1","Q07889"
"675",0.00509960561543142,"CAMK2G","Q13555"
"676",0.00509491266963356,"SMAD5","Q99717"
"677",0.00507884389804259,"MAX","P61244"
"678",0.00507331273584178,"IL2RB","P14784"
"679",0.00505896973995915,"GAB1","Q13480"
"680",0.00502135526869371,"NUP214","P35658"
"681",0.00499813566017467,"ASAP1","Q9ULH1"
"682",0.00497591940769518,"SMAD6","O43541"
"683",0.00496701246137905,"FGF11","Q92914"
"684",0.00496317719294417,"RYK","P34925"
"685",0.00491988576031586,"MAPK13","O15264"
"686",0.00489999810295302,"GRB2","P62993"
"687",0.00489425488509697,"PRKD1","Q15139"
"688",0.00488192969727507,"UBE3A","Q05086"
"689",0.00487635802720165,"HDAC5","Q9UQL6"
"690",0.00486411381600525,"PRKCB","P05771"
"691",0.00484928586064872,"GLI1","P08151"
"692",0.00483367482136501,"DNAJA3","Q96EY1"
"693",0.00480531723886805,"PTPN11","Q06124"
"694",0.0047999434885552,"GRK2","P25098"
"695",0.00479846507954064,"CCR5","P51681"
"696",0.00479338580274974,"ITGB5","P18084"
"697",0.00478143962522609,"TSC2","P49815"
"698",0.00475620658007138,"EPHB2","P29323"
"699",0.00474643426335378,"ULK1","O75385"
"700",0.00473908989016374,"PTK2B","Q14289"
"701",0.00472032719994772,"JUND","P17535"
"702",0.0047020760462986,"FRS2","Q8WU20"
"703",0.00468544109758396,"HSPB1","P04792"
"704",0.00468179689204253,"AXIN1","O15169"
"705",0.00467068402809643,"GSK3A","P49840"
"706",0.00466660297299732,"MAPK9","P45984"
"707",0.004643668814574,"RIN1","Q13671"
"708",0.00462640978843651,"DAB2IP","Q5VWQ8"
"709",0.00460153242697899,"AKT2","P31751"
"710",0.00459529076181575,"PAK4","O96013"
"711",0.00459518451289414,"TGIF1","Q15583"
"712",0.00458657658425068,"PDK1","Q15118"
"713",0.00457549787904071,"EIF4E","P06730"
"714",0.00456637766915058,"WWOX","Q9NZC7"
"715",0.00454250029144619,"SOS2","Q07890"
"716",0.00450712514165436,"PRKCA","P17252"
"717",0.00450339297778626,"KIT","P10721"
"718",0.00449882043699198,"BMX","P51813"
"719",0.00449133355593889,"COPS5","Q92905"
"720",0.00446833534790688,"HACE1","Q8IYU2"
"721",0.00445208707644119,"PPP3R1","P63098"
"722",0.00444811387135042,"EIF4B","P23588"
"723",0.00444462207453678,"RGS16","O15492"
"724",0.00443149917790768,"CREB3L3","Q68CJ9"
"725",0.00443149917790768,"CREB3L1","Q96BA8"
"726",0.00443149917790768,"CREB3L4","Q8TEY5"
"727",0.00443149917790768,"CREB3L2","Q70SY1"
"728",0.00441902491487537,"PLAUR","Q03405"
"729",0.00440062309646542,"BTK","Q06187"
"730",0.00438324331529129,"ITGB7","P26010"
"731",0.00435564028993225,"TWIST1","Q15672"
"732",0.00435073114791856,"CREB3","O43889"
"733",0.00429957551042044,"ATF4","P18848"
"734",0.00428603207464604,"SMURF1","Q9HCE7"
"735",0.00427749853329455,"HSPA8","P11142"
"736",0.00426084925363631,"OCLN","Q16625"
"737",0.00425803015593712,"EFNB2","P52799"
"738",0.0042447149950254,"PRKCQ","Q04759"
"739",0.00423569682553253,"NGFR","P08138"
"740",0.00421683116470058,"PTP4A1","Q93096"
"741",0.00417355385390981,"TRPV1","Q8NER1"
"742",0.00416646416645623,"RASA1","P20936"
"743",0.00414774295826257,"PHB","P35232"
"744",0.00410861226188885,"GAB2","Q9UQC2"
"745",0.00404595274097858,"IRF5","Q13568"
"746",0.00404212246101785,"PPP2CA","P67775"
"747",0.00403110424584082,"GCK","P35557"
"748",0.00403110424584082,"SNIP1","Q8TAD8"
"749",0.00399823829191326,"PRKAA1","Q13131"
"750",0.00399410506450503,"AKT3","Q9Y243"
"751",0.00397808021000696,"DOK2","O60496"
"752",0.00392731229943327,"WNT1","P04628"
"753",0.00391617106152983,"TRIM24","O15164"
"754",0.00390826873674707,"PRKCE","Q02156"
"755",0.00390724346351977,"PRKCZ","Q05513"
"756",0.00387807481640436,"CREB5","Q02930"
"757",0.00387756764526986,"SIK1","P57059"
"758",0.00387386333462748,"SH2B1","Q9NRF2"
"759",0.00386072248393882,"SMYD2","Q9NRG4"
"760",0.00385181269548292,"PRKAA2","P54646"
"761",0.00383114549639823,"CAPN1","P07384"
"762",0.00382300657534601,"COL18A1","P39060"
"763",0.00379906066873866,"LCK","P06239"
"764",0.00378726162246707,"YES1","P07947"
"765",0.00377543399248256,"VRK3","Q8IV63"
"766",0.00376976197837681,"STRADA","Q7RTN6"
"767",0.00376976197837681,"MELK","Q14680"
"768",0.00376976197837681,"NUAK2","Q9H093"
"769",0.00376333942125038,"SRPK2","P78362"
"770",0.00376025895310375,"NPR2","P20594"
"771",0.00373214986260979,"FNTB","P49356"
"772",0.00372163423427498,"PPP3CB","P16298"
"773",0.00372163423427498,"DAP","P51397"
"774",0.00370787189454019,"CSNK1A1","P48729"
"775",0.00368958147746517,"GIT1","Q9Y2X7"
"776",0.00368459438661284,"CSNK1G2","P78368"
"777",0.00367796019319726,"SHOC2","Q9UQ13"
"778",0.0036279682732047,"MOS","P00540"
"779",0.00362491776494732,"FYN","P06241"
"780",0.00361783293481623,"PPP3CC","P48454"
"781",0.00355601115986322,"CSNK2A2","P19784"
"782",0.00353529815232064,"TSHR","P16473"
"783",0.00352618181701223,"RB1CC1","Q8TDY2"
"784",0.00351270712679139,"SOCS6","O14544"
"785",0.00351270712679139,"DYRK1A","Q13627"
"786",0.0035110583319615,"CLK2","P49760"
"787",0.00350429891682778,"TGM2","P21980"
"788",0.00349927692182764,"PRMT5","O14744"
"789",0.0034770154050753,"PPP1R15A","O75807"
"790",0.00346036390257367,"PRTN3","P24158"
"791",0.00346036390257367,"RASGRP2","Q7LDG7"
"792",0.00345382931241031,"S100A9","P06702"
"793",0.00342099671178403,"ARHGEF7","Q14155"
"794",0.00341159243740773,"KAT2A","Q92830"
"795",0.00340936527830954,"LTC4S","Q16873"
"796",0.00340223888773889,"DYRK1B","Q9Y463"
"797",0.00336437510866838,"ITK","Q08881"
"798",0.0033541984173814,"FBXW11","Q9UKB1"
"799",0.00332721837795491,"LRRK2","Q5S007"
"800",0.00328577785121395,"PTP4A3","O75365"
"801",0.00328577785121395,"CHRNA7","P36544"
"802",0.00328577785121395,"ANKRD11","Q6UB99"
"803",0.00327832366923981,"SH2B2","O14492"
"804",0.00326447649483745,"MAPKAPK5","Q8IW41"
"805",0.00324797604460073,"LRP6","O75581"
"806",0.0032212169753118,"CARM1","Q86X55"
"807",0.00321726093267265,"FRS3","O43559"
"808",0.00318839118512685,"DDIT4","Q9NX09"
"809",0.00312107951791254,"CAMK1G","Q96NX5"
"810",0.00311943535868632,"CHKA","P35790"
"811",0.00305863873307813,"UHMK1","Q8TAS1"
"812",0.00304392184296554,"EFNB1","P98172"
"813",0.00304262538353524,"PPP2CB","P62714"
"814",0.00303870112184997,"NUP85","Q9BW27"
"815",0.00302936440840899,"HDAC8","Q9BY41"
"816",0.00296299313394784,"RASGRP3","Q8IV61"
"817",0.00295519980617821,"SIK2","Q9H0K1"
"818",0.00290437631534771,"RASGRP1","O95267"
"819",0.00288249323020418,"CSNK1A1L","Q8N752"
"820",0.00285335802912665,"MARK3","P27448"
"821",0.00285202598161652,"PRKCG","P05129"
"822",0.00283138526276787,"GRK6","P43250"
"823",0.00282414295541849,"RAD23A","P54725"
"824",0.00281739040645642,"RAPGEF2","Q9Y4G8"
"825",0.00281421476359342,"RALBP1","Q15311"
"826",0.00279254586165395,"ID1","P41134"
"827",0.00276664092120756,"EFNB3","Q15768"
"828",0.00274947664201534,"GLI3","P10071"
"829",0.0027321583578225,"ZNF274","Q96GC6"
"830",0.00264346871161963,"CABIN1","Q9Y6J0"
"831",0.00261658680088928,"PINK1","Q9BXM7"
"832",0.00259847433873622,"SH2D1A","O60880"
"833",0.00248535024276726,"MAPK15","Q8TD08"
"834",0.00245939776210715,"CAMK4","Q16566"
"835",0.00242796453639322,"FZD1","Q9UP38"
"836",0.00231185994831269,"MFF","Q9GZY8"
"837",0.00231185994831269,"PPP1R3C","Q9UQK1"
"838",0.00227081621099086,"CAMK1","Q14012"
"839",0.00226930435282469,"FZD2","Q14332"
"840",0.00206684264372639,"TRPC1","P48995"
"841",0.00206684264372639,"BACE2","Q9Y5Z0"
"842",0.00206684264372639,"SMG1","Q96Q15"
"843",0.00206684264372639,"ADGRV1","Q8WXG9"
"844",0.00206684264372639,"ID2","Q02363"
"845",0.00206684264372639,"ASF1A","Q9Y294"
"846",0.00206684264372639,"IFIH1","Q9BYX4"
"847",0.00206684264372639,"PLAGL1","Q9UM63"
"848",0.00206684264372639,"SETD2","Q9BYW2"
"849",0.00206684264372639,"SETD7","Q8WTS6"
"850",0.00206684264372639,"DKK1","O94907"
"851",0.00206684264372639,"LTB","Q06643"
"852",0.00206684264372639,"SIRT7","Q9NRC8"
"853",0.00206684264372639,"EIF2AK4","Q9P2K8"
"854",0.00206684264372639,"EHMT1","Q9H9B1"
"855",0.00206684264372639,"HMGN1","P05114"
"856",0.00206684264372639,"HDAC10","Q969S8"
"857",0.00206684264372639,"CDC14B","O60729"
"858",0.00206684264372639,"HIF1AN","Q9NWT6"
"859",0.00206684264372639,"HMGN2","P05204"
"860",0.00206684264372639,"CKS2","P33552"
"861",0.00206684264372639,"MSL2","Q9HCI7"
"862",0.00206684264372639,"PSME3","P61289"
"863",0.00206684264372639,"PADI4","Q9UM07"
"864",0.00206684264372639,"SENP3","Q9H4L4"
"865",0.00206684264372639,"GNRHR","P30968"
"866",0.00206684264372639,"HIST1H4B","P62805"
"867",0.00206684264372639,"GNL3","Q9BVP2"
"868",0.00206684264372639,"XAF1","Q6GPH4"
"869",0.00206684264372639,"PPP1R13B","Q96KQ4"
"870",0.00206684264372639,"HTATIP2","Q9BUP3"
"871",0.00206684264372639,"DLL4","Q9NR61"
"872",0.00206684264372639,"DTX1","Q86Y01"
"873",0.00206684264372639,"ACVR1B","P36896"
"874",0.00206684264372639,"HYAL2","Q12891"
"875",0.00206684264372639,"CSNK1G1","Q9HCP0"
"876",0.00206684264372639,"TRIM33","Q9UPN9"
"877",0.00206684264372639,"IFNL1","Q8IU54"
"878",0.00206684264372639,"EEF1A1","P68104"
"879",0.00206684264372639,"NR1H4","Q96RI1"
"880",0.00206684264372639,"PRKX","P51817"
"881",0.00206684264372639,"PDCD1","Q15116"
"882",0.00206684264372639,"SH3BP2","P78314"
"883",0.00206684264372639,"CCL16","O15467"
"884",0.00206684264372639,"EDN2","P20800"
"885",0.00206684264372639,"RSPO1","Q2MKA7"
"886",0.00206684264372639,"RSPO2","Q6UXX9"
"887",0.00206684264372639,"OXT","P01178"
"888",0.00206684264372639,"ADCYAP1R1","P41586"
"889",0.00206684264372639,"BDKRB1","P46663"
"890",0.00206684264372639,"SV2A","Q7L0J3"
"891",0.00206684264372639,"XBP1","P17861"
"892",0.00206684264372639,"SESN2","P58004"
"893",0.00206684264372639,"RNF125","Q96EQ8"
"894",0.00206684264372639,"TAP1","Q03518"
"895",0.00206684264372639,"ADRA1D","P25100"
"896",0.00206684264372639,"ADRB3","P13945"
"897",0.00206684264372639,"CHK2","Q683Z8"
"898",0.00206684264372639,"PRLHR","P49683"
"899",0.00206684264372639,"PTH1R","Q03431"
"900",0.00206684264372639,"RAD21","O60216"
"901",0.00206684264372639,"RAP1GDS1","P52306"
"902",0.00206684264372639,"RAPGEF5","Q92565"
"903",0.00206684264372639,"RASGEF1A","Q8N9B8"
"904",0.00206684264372639,"RASGEF1B","Q0VAM2"
"905",0.00206684264372639,"RASGEF1C","Q8N431"
"906",0.00206684264372639,"FBXO11","Q86XK2"
"907",0.00206684264372639,"RITA1","Q96K30"
"908",0.00206684264372639,"HLA-G","P17693"
"909",0.00206684264372639,"SREBF1","P36956"
"910",0.00206684264372639,"STK17A","Q9UEE5"
"911",0.00206684264372639,"FNTA","P49354"
"912",0.00206684264372639,"TBX2","Q13207"
"913",0.00206684264372639,"TP53RK","Q96S44"
"914",0.00206684264372639,"TTBK1","Q5TCY1"
"915",0.00206684264372639,"EAF2","Q96CJ1"
"916",0.00206684264372639,"DUSP26","Q9BV47"
"917",0.00206684264372639,"HSPA1B","P0DMV9"
"918",0.00206684264372639,"RASGRF2","O14827"
"919",0.00206684264372639,"MAS1","P04201"
"920",0.00206684264372639,"HIPK1","Q86Z02"
"921",0.00206684264372639,"CDK10","Q15131"
"922",0.00206684264372639,"GPR84","Q9NQS5"
"923",0.00206684264372639,"KRT14","P02533"
"924",0.00206684264372639,"CDK19","Q9BWU1"
"925",0.00206684264372639,"RAE1","P78406"
"926",0.00206684264372639,"NDN","Q99608"
"927",0.00206684264372639,"LTF","P02788"
"928",0.00206684264372639,"HDC","P19113"
"929",0.00206684264372639,"FABP5","Q01469"
"930",0.00206684264372639,"HMMR","O75330"
"931",0.00206684264372639,"DMP1","Q13316"
"932",0.00206684264372639,"APOA2","P02652"
"933",0.00206684264372639,"ADGRB1","O14514"
"934",0.00206684264372639,"CD38","P28907"
"935",0.00206684264372639,"MUC2","Q02817"
"936",0.00206684264372639,"TTBK2","Q6IQ55"
"937",0.00206684264372639,"MAD1L1","Q9Y6D9"
"938",0.00206684264372639,"HIPK3","Q9H422"
"939",0.00206684264372639,"HIPK4","Q8NE63"
"940",0.00206684264372639,"PCSK1","P29120"
"941",0.00206684264372639,"PCSK2","P16519"
"942",0.00206684264372639,"LIAS","O43766"
"943",0.00206684264372639,"IFITM1","P13164"
"944",0.00206684264372639,"PIBF1","Q8WXW3"
"945",0.00206684264372639,"CYTH3","O43739"
"946",0.00206684264372639,"CDK17","Q00537"
"947",0.00206684264372639,"PRIMA1","Q86XR5"
"948",0.00206684264372639,"MINPP1","Q9UNW1"
"949",0.00206684264372639,"LYST","Q99698"
"950",0.00206684264372639,"ZNF331","Q9NQX6"
"951",0.00206684264372639,"NUPR1","O60356"
"952",0.00206684264372639,"ZFP42","Q96MM3"
"953",0.00206684264372639,"CCAR1","Q8IX12"
"954",0.00206684264372639,"HACD3","Q9P035"
"955",0.00206684264372639,"CSNK1G3","Q9Y6M4"
"956",0.00206684264372639,"COPS4","Q9BT78"
"957",0.00206684264372639,"SELENOW","P63302"
"958",0.00206684264372639,"SLC2A1","P11166"
"959",0.00206684264372639,"SCARA3","Q6AZY7"
"960",0.00206684264372639,"PCLAF","Q15004"
"961",0.00206684264372639,"EPS8","Q12929"
"962",0.00206684264372639,"ADH5","P11766"
"963",0.00206684264372639,"MKRN1","Q9UHC7"
"964",0.00206684264372639,"CDT1","Q9H211"
"965",0.00206684264372639,"SAP18","O00422"
"966",0.00206684264372639,"TRIP12","Q14669"
"967",0.00206684264372639,"RAB3IP","Q96QF0"
"968",0.00206684264372639,"U2AF2","P26368"
"969",0.00206684264372639,"STK35","Q8TDR2"
"970",0.00206684264372639,"UBE2K","P61086"
"971",0.00206684264372639,"RASGRP4","Q8TDF6"
"972",0.00206684264372639,"FIS1","Q9Y3D6"
"973",0.00206684264372639,"TSSK3","Q96PN8"
"974",0.00206684264372639,"TYRP1","P17643"
"975",0.00206684264372639,"TRAF4","Q9BUZ4"
"976",0.00206684264372639,"CDK18","Q07002"
"977",0.00206684264372639,"ZFPM2","Q8WW38"
"978",0.00206684264372639,"STK40","Q8N2I9"
"979",0.00206684264372639,"PRC1","O43663"
"980",0.00206684264372639,"MMS19","Q96T76"
"981",0.00206684264372639,"DYRK4","Q9NR20"
"982",0.00206684264372639,"PRKY","O43930"
"983",0.00206684264372639,"RASA2","Q15283"
"984",0.00206684264372639,"RBBP7","Q16576"
"985",0.00206684264372639,"NUPL2","O15504"
"986",0.00206684264372639,"NUP88","Q99567"
"987",0.00206684264372639,"NCKAP1L","P55160"
"988",0.00206684264372639,"CBX5","P45973"
"989",0.00206684264372639,"NUP205","Q92621"
"990",0.00206684264372639,"U2AF1","Q01081"
"991",0.00206684264372639,"PSME1","Q06323"
"992",0.00206684264372639,"NUP43","Q8NFH3"
"993",0.00206684264372639,"AAAS","Q9NRG9"
"994",0.00206684264372639,"PSME2","Q9UL46"
"995",0.00206684264372639,"SEH1L","Q96EE3"
"996",0.00206684264372639,"NUP155","O75694"
"997",0.00206684264372639,"STC1","P52823"
"998",0.00206684264372639,"PLAGL2","Q9UPG8"
"999",0.00206684264372639,"NUP188","Q5SRE5"
"1000",0.00206684264372639,"RPL23","P62829"
"1001",0.00206684264372639,"PPP1R3D","O95685"
"1002",0.00206684264372639,"HDAC11","Q96DB2"
"1003",0.00206684264372639,"NUP93","Q8N1F7"
"1004",0.00206684264372639,"SIN3B","O75182"
"1005",0.00206684264372639,"ANXA5","P08758"
"1006",0.00206684264372639,"MYOM2","P54296"
"1007",0.00206684264372639,"PPP1R3B","Q86XI6"
"1008",0.00206684264372639,"INTS3","Q68E01"
"1009",0.00206684264372639,"IGKV1-6","A0A0C4DH72"
"1010",0.00206684264372639,"REEP5","Q00765"
"1011",0.00206684264372639,"PRG2","P13727"
"1012",0.00206684264372639,"DCP1A","Q9NPI6"
"1013",0.00206684264372639,"TGM1","P22735"
"1014",0.00206684264372639,"BRD7","Q9NPI1"
"1015",0.00206684264372639,"MBD2","Q9UBB5"
"1016",0.00206684264372639,"ZNF148","Q9UQR1"
"1017",0.00206684264372639,"HR","O43593"
"1018",0.00206684264372639,"EIF5A","P63241"
"1019",0.00206684264372639,"HECW1","Q76N89"
"1020",0.00206684264372639,"INTS6","Q9UL03"
"1021",0.00206684264372639,"OGG1","O15527"
"1022",0.00206684264372639,"S100A2","P29034"
"1023",0.00206684264372639,"BCKDHB","P21953"
"1024",0.00206684264372639,"SRY","Q05066"
"1025",0.00206684264372639,"AIF1","P55008"
"1026",0.00206684264372639,"GPX1","P07203"
"1027",0.00206684264372639,"TPM1","P09493"
"1028",0.00206684264372639,"UBE4A","Q14139"
"1029",0.00206684264372639,"MORC3","Q14149"
"1030",0.00206684264372639,"YEATS4","O95619"
"1031",0.00206684264372639,"FAM49B","Q9NUQ9"
"1032",0.00206684264372639,"MUC5AC","P98088"
"1033",0.00206684264372639,"FBXO42","Q6P3S6"
"1034",0.00206684264372639,"MYO6","Q9UM54"
"1035",0.00206684264372639,"TRPM2","O94759"
"1036",0.00206684264372639,"AIFM2","Q9BRQ8"
"1037",0.00206684264372639,"ANLN","Q9NQW6"
"1038",0.00206684264372639,"ACTA2","P62736"
"1039",0.00206684264372639,"DNMT1","P26358"
"1040",0.00206684264372639,"GML","Q99445"
"1041",0.00206684264372639,"BCL2L14","Q9BZR8"
"1042",0.00206684264372639,"CCNK","O75909"
"1043",0.00206684264372639,"CHMP4C","Q96CF2"
"1044",0.00206684264372639,"CRYZ","Q08257"
"1045",0.00206684264372639,"FDXR","P22570"
"1046",0.00206684264372639,"TIGAR","Q9NQ88"
"1047",0.00206684264372639,"HIST1H3D","P68431"
"1048",0.00206684264372639,"UBD","O15205"
"1049",0.00206684264372639,"TRIAP1","O43715"
"1050",0.00206684264372639,"TRIM22","Q8IYM9"
"1051",0.00206684264372639,"HIST1H2BJ","P06899"
"1052",0.00206684264372639,"PERP","Q96FX8"
"1053",0.00206684264372639,"P2RX6","O15547"
"1054",0.00206684264372639,"RABGGTA","Q92696"
"1055",0.00206684264372639,"PPM1J","Q5JR12"
"1056",0.00206684264372639,"SESN1","Q9Y6P5"
"1057",0.00206684264372639,"RPS27L","Q71UM5"
"1058",0.00206684264372639,"SCN3B","Q9NY72"
"1059",0.00206684264372639,"SCD","O00767"
"1060",0.00206684264372639,"SLC38A2","Q96QD8"
"1061",0.00206684264372639,"RNF144B","Q7Z419"
"1062",0.00206684264372639,"KRT8","P05787"
"1063",0.00206684264372639,"HIST1H1E","P10412"
"1064",0.00206684264372639,"POLR1B","Q9H9Y6"
"1065",0.00206684264372639,"POLB","P06746"
"1066",0.00206684264372639,"NEIL2","Q969S2"
"1067",0.00206684264372639,"POLK","Q9UBT6"
"1068",0.00206684264372639,"EXO1","Q9UQ84"
"1069",0.00206684264372639,"PCBP4","P57723"
"1070",0.00206684264372639,"GLS2","Q9UI32"
"1071",0.00206684264372639,"TP53I3","Q53FA7"
"1072",0.00206684264372639,"REV3L","O60673"
"1073",0.00206684264372639,"P4HA2","O15460"
"1074",0.00206684264372639,"ASCC3","Q8N3C0"
"1075",0.00206684264372639,"CALCRL","Q16602"
"1076",0.00206684264372639,"RAMP2","O60895"
"1077",0.00206684264372639,"RAMP3","O60896"
"1078",0.00206684264372639,"CALCR","P30988"
"1079",0.00206684264372639,"RAMP1","O60894"
"1080",0.00206684264372639,"PTH2R","P49190"
"1081",0.00206684264372639,"VIPR1","P32241"
"1082",0.00206684264372639,"TBXAS1","P24557"
"1083",0.00206684264372639,"APOBEC3G","Q9HC16"
"1084",0.00206684264372639,"LDHA","P00338"
"1085",0.00206684264372639,"PLAG1","Q6DJT9"
"1086",0.00206684264372639,"COIL","P38432"
"1087",0.00206684264372639,"SMN1","Q16637"
"1088",0.00206684264372639,"RBM38","Q9H0Z9"
"1089",0.00206684264372639,"UNC5D","Q6UXZ4"
"1090",0.00206684264372639,"GPR20","Q99678"
"1091",0.00206684264372639,"SV2B","Q7L1I2"
"1092",0.00206684264372639,"SV2C","Q496J9"
"1093",0.00206684264372639,"GPR152","Q8TDT2"
"1094",0.00206684264372639,"SF3B2","Q13435"
"1095",0.00206684264372639,"RAB9A","P51151"
"1096",0.00206684264372639,"TCEAL1","Q15170"
"1097",0.00206684264372639,"MYF6","P23409"
"1098",0.00206684264372639,"SHISA5","Q8N114"
"1099",0.00206684264372639,"GSC","P56915"
"1100",0.00206684264372639,"FABP1","P07148"
"1101",0.00206684264372639,"CPT1A","P50416"
"1102",0.00206684264372639,"PRB3","Q04118"
"1103",0.00206684264372639,"EHHADH","Q08426"
"1104",0.00206684264372639,"AEN","Q8WTP8"
"1105",0.00206684264372639,"ACOX1","Q15067"
"1106",0.00206684264372639,"ME1","P48163"
"1107",0.00206684264372639,"MLX","Q9UH92"
"1108",0.00206684264372639,"HAMP","P81172"
"1109",0.00206684264372639,"CLCA2","Q9UQC9"
"1110",0.00206684264372639,"IVL","P07476"
"1111",0.00206684264372639,"OAS1","P00973"
"1112",0.00206684264372639,"IGHA1","P01876"
"1113",0.00206684264372639,"ID4","P47928"
"1114",0.00206684264372639,"SESN3","P58005"
"1115",0.00206684264372639,"HSD17B4","P51659"
"1116",0.00206684264372639,"TCIM","Q9NR00"
"1117",0.00206684264372639,"IL4I1","Q96RQ9"
"1118",0.00206684264372639,"TLX2","O43763"
"1119",0.00206684264372639,"RPRM","Q9NS64"
"1120",0.00206684264372639,"IFIT3","O14879"
"1121",0.00206684264372639,"CCNG2","Q16589"
"1122",0.00206684264372639,"ZMAT3","Q9HA38"
